ESTATÍSTICA DA APLICAÇÃO,,,,,
Desempenho Individual,,,,,
,,,,,
,,,,,
"68,00%","16,30","7,70",24,20,
Desempenho na avaliação,Acertos Médio,Erros Médio,Itens,Respondentes,
,,,,,
,,,,,
Aluno,Matrícula,Desempenho,Acertos,Erros,Tempo de realização
Cristian de Morais Bonato,2191881,"91,70%",22,2,00:26:50
Laertty Trevisol Brunetto,2118670,"87,50%",21,3,00:30:45
Eduardo Huber,2200267,"79,20%",19,5,00:31:31
Dorberto Adriano Peres de Oliveira,2193144,"79,20%",19,5,00:38:56
Adriano Sartori,2113742,"79,20%",19,5,00:17:51
Ederson Felipe Pereira Duarte,2192756,"79,20%",19,5,00:32:25
Vítor Gabriel Silveira dos Santos,2203586,"75,00%",18,6,00:18:06
Bruno Leonardo Selzlein Melere,2158947,"75,00%",18,6,00:17:23
Vinicius Bizinela Meneghini,2149338,"70,80%",17,7,00:32:25
Erick Sauer,2112339,"70,80%",17,7,00:35:21
Maria Eduarda Lokstein,2184967,"70,80%",17,7,00:17:25
Eduardo Bresciani Burghardt,2144581,"70,80%",17,7,00:21:32
Ysmael Henrique dos Santos,2200786,"66,70%",16,8,00:15:17
Felipe Nesi Ansiliero,2195165,"66,70%",16,8,00:25:17
Augusto Rhoden Sauthier,2184009,"62,50%",15,9,00:10:54
Cesar Kieling,2205313,"62,50%",15,9,00:48:30
Maria Luiza Arenhart,2152702,"58,30%",14,10,00:16:23
Caique Candido Tonial,2182712,"58,30%",14,10,00:29:40
Gabriel Biagentini,2182387,"54,20%",13,11,00:26:23
Rogerio Brunetto,2121304,"0,00%",0,24,00:01:59