ESTATÍSTICA DA APLICAÇÃO,,,,,,,,,,
Desempenho por Competência,,,,,,,,,,
,,,,,,,,,,
,,,,,,,,,,
,,,,,,,,,,
Técnico em Eletrotécnica,2025.2-TTELT-AV.DIAG.FASE3,7/2024 à 6/2028,"68,00%","16,30","7,70",,,,,
CURSO,AVALIAÇÃO,PERÍODO DE VIGÊNCIA DA MATRIZ,DESEMPENHO MÉDIO,ACERTOS MÉDIO,ERROS MÉDIO,,,,,
,,,,,,,,,,
,,,,,,,,,,
(Avaliar a capacidade de) Capacidade,"(Para) Subfunção, Padrão de desempenho",(Ao) Função,(Por meio de) Conhecimento,Aproveitamento,,,,,,
"Especificar materiais, equipamentos e componentes considerando o dimensionamento elétrico e necessidades funcionais da instalação elétrica.","Implementar sistemas de energias renováveis Considerando as soluções tecnológicas de geração de energias renováveis definidas no projeto do cliente//Considerando Legislação, Procedimentos Operacionais e Normas Técnicas, de Qualidade, de Segurança, Saúde e Sustentabilidade//Considerando os requisitos da concessionária e características do projeto do cliente/consumidor","Executar processos de instalação, manutenção e elaboração de projetos em Sistema Elétrico de Potência - SEP, seguindo procedimentos e Normas Técnicas, de Qualidade, de Segurança, Saúde e Sustentabilidade.",Sistema Fotovoltaico,"95,00%",,,,,,
,,,,,,,,,,
IDENTIFICADOR,DIFICULDADE,ACERTOS,ERROS,GABARITO,A,B,C,D,E,EM BRANCO
SAEP_60269,Medio,"95,00%","5,00%",B,"0,00%","95,00%","0,00%","0,00%","0,00%","5,00%"
,,,,,,,,,,
DR,ESCOLA,TURNO,TURMA,ALUNO,MATRÍCULA,MARCAÇÃO RESPONDENTE,,,,
SC,SENAI/SC - Luzerna,Noite,105692-T TELT 2025/1 N1,Eduardo Huber,2200267,B,,,,
SC,SENAI/SC - Luzerna,Noite,105692-T TELT 2025/1 N1,Adriano Sartori,2113742,B,,,,
SC,SENAI/SC - Luzerna,Noite,105692-T TELT 2025/1 N1,Erick Sauer,2112339,B,,,,
SC,SENAI/SC - Luzerna,Noite,105692-T TELT 2025/1 N1,Cesar Kieling,2205313,B,,,,
SC,SENAI/SC - Luzerna,Noite,105692-T TELT 2025/1 N1,Vinicius Bizinela Meneghini,2149338,B,,,,
SC,SENAI/SC - Luzerna,Noite,105692-T TELT 2025/1 N1,Felipe Nesi Ansiliero,2195165,B,,,,
SC,SENAI/SC - Luzerna,Noite,105692-T TELT 2025/1 N1,Cristian de Morais Bonato,2191881,B,,,,
SC,SENAI/SC - Luzerna,Noite,105692-T TELT 2025/1 N1,Ederson Felipe Pereira Duarte,2192756,B,,,,
SC,SENAI/SC - Luzerna,Noite,105692-T TELT 2025/1 N1,Caique Candido Tonial,2182712,B,,,,
SC,SENAI/SC - Luzerna,Noite,105692-T TELT 2025/1 N1,Augusto Rhoden Sauthier,2184009,B,,,,
SC,SENAI/SC - Luzerna,Noite,105692-T TELT 2025/1 N1,Ysmael Henrique dos Santos,2200786,B,,,,
SC,SENAI/SC - Luzerna,Noite,105692-T TELT 2025/1 N1,Eduardo Bresciani Burghardt,2144581,B,,,,
SC,SENAI/SC - Luzerna,Noite,105692-T TELT 2025/1 N1,Maria Eduarda Lokstein,2184967,B,,,,
SC,SENAI/SC - Luzerna,Noite,105692-T TELT 2025/1 N1,Gabriel Biagentini,2182387,B,,,,
SC,SENAI/SC - Luzerna,Noite,105692-T TELT 2025/1 N1,Maria Luiza Arenhart,2152702,B,,,,
SC,SENAI/SC - Luzerna,Noite,105692-T TELT 2025/1 N1,Bruno Leonardo Selzlein Melere,2158947,B,,,,
SC,SENAI/SC - Luzerna,Noite,105692-T TELT 2025/1 N1,Laertty Trevisol Brunetto,2118670,B,,,,
SC,SENAI/SC - Luzerna,Noite,105692-T TELT 2025/1 N1,Dorberto Adriano Peres de Oliveira,2193144,B,,,,
SC,SENAI/SC - Luzerna,Noite,105692-T TELT 2025/1 N1,Vítor Gabriel Silveira dos Santos,2203586,B,,,,
SC,SENAI/SC - Luzerna,Noite,105692-T TELT 2025/1 N1,Rogerio Brunetto,2121304,,,,,
,,,,,,,,,,
(Avaliar a capacidade de) Capacidade,"(Para) Subfunção, Padrão de desempenho",(Ao) Função,(Por meio de) Conhecimento,Aproveitamento,,,,,,
"Aplicar cálculos de dimensionamento de sistema elétrico.//Aplicar simbologias, terminologias e convenções gráficas de sistema elétrico para simulação e elaboração de projetos utilizando recursos digitais.//Aplicar técnicas de aterramento.//Especificar materiais, equipamentos e componentes considerando o dimensionamento elétrico e necessidades funcionais da instalação elétrica.","Projetar sistemas elétricos prediais Considerando as soluções tecnológicas (energias renováveis, dispositivos para automação, tecnologias de infraestrutura), aplicáveis ao projeto//Considerando Legislação, Normas Técnicas, de Qualidade, de Segurança, Saúde e Sustentabilidade//Considerando os requisitos e necessidades do cliente e as características do local do serviço.","Executar processos de instalação, manutenção e elaboração de projetos em sistemas elétricos prediais seguindo procedimentos e Normas Técnicas, de Qualidade, de Segurança, Saúde e Sustentabilidade.",Condutores Elétricos//Projeto Elétrico//Sistema de Proteção contra Descargas Atmosféricas (SPDA)//Software de Desenho Assistido por Computador (CAD),"85,00%",,,,,,
,,,,,,,,,,
IDENTIFICADOR,DIFICULDADE,ACERTOS,ERROS,GABARITO,A,B,C,D,E,EM BRANCO
SAEP_54220,Facil,"95,00%","5,00%",C,"0,00%","0,00%","95,00%","0,00%","0,00%","5,00%"
,,,,,,,,,,
DR,ESCOLA,TURNO,TURMA,ALUNO,MATRÍCULA,MARCAÇÃO RESPONDENTE,,,,
SC,SENAI/SC - Luzerna,Noite,105692-T TELT 2025/1 N1,Eduardo Huber,2200267,C,,,,
SC,SENAI/SC - Luzerna,Noite,105692-T TELT 2025/1 N1,Adriano Sartori,2113742,C,,,,
SC,SENAI/SC - Luzerna,Noite,105692-T TELT 2025/1 N1,Erick Sauer,2112339,C,,,,
SC,SENAI/SC - Luzerna,Noite,105692-T TELT 2025/1 N1,Cesar Kieling,2205313,C,,,,
SC,SENAI/SC - Luzerna,Noite,105692-T TELT 2025/1 N1,Vinicius Bizinela Meneghini,2149338,C,,,,
SC,SENAI/SC - Luzerna,Noite,105692-T TELT 2025/1 N1,Felipe Nesi Ansiliero,2195165,C,,,,
SC,SENAI/SC - Luzerna,Noite,105692-T TELT 2025/1 N1,Cristian de Morais Bonato,2191881,C,,,,
SC,SENAI/SC - Luzerna,Noite,105692-T TELT 2025/1 N1,Ederson Felipe Pereira Duarte,2192756,C,,,,
SC,SENAI/SC - Luzerna,Noite,105692-T TELT 2025/1 N1,Caique Candido Tonial,2182712,C,,,,
SC,SENAI/SC - Luzerna,Noite,105692-T TELT 2025/1 N1,Augusto Rhoden Sauthier,2184009,C,,,,
SC,SENAI/SC - Luzerna,Noite,105692-T TELT 2025/1 N1,Ysmael Henrique dos Santos,2200786,C,,,,
SC,SENAI/SC - Luzerna,Noite,105692-T TELT 2025/1 N1,Eduardo Bresciani Burghardt,2144581,C,,,,
SC,SENAI/SC - Luzerna,Noite,105692-T TELT 2025/1 N1,Maria Eduarda Lokstein,2184967,C,,,,
SC,SENAI/SC - Luzerna,Noite,105692-T TELT 2025/1 N1,Gabriel Biagentini,2182387,C,,,,
SC,SENAI/SC - Luzerna,Noite,105692-T TELT 2025/1 N1,Maria Luiza Arenhart,2152702,C,,,,
SC,SENAI/SC - Luzerna,Noite,105692-T TELT 2025/1 N1,Bruno Leonardo Selzlein Melere,2158947,C,,,,
SC,SENAI/SC - Luzerna,Noite,105692-T TELT 2025/1 N1,Laertty Trevisol Brunetto,2118670,C,,,,
SC,SENAI/SC - Luzerna,Noite,105692-T TELT 2025/1 N1,Dorberto Adriano Peres de Oliveira,2193144,C,,,,
SC,SENAI/SC - Luzerna,Noite,105692-T TELT 2025/1 N1,Vítor Gabriel Silveira dos Santos,2203586,C,,,,
SC,SENAI/SC - Luzerna,Noite,105692-T TELT 2025/1 N1,Rogerio Brunetto,2121304,,,,,
,,,,,,,,,,
IDENTIFICADOR,DIFICULDADE,ACERTOS,ERROS,GABARITO,A,B,C,D,E,EM BRANCO
SAEP_69253,Medio,"65,00%","35,00%",A,"65,00%","15,00%","0,00%","15,00%","0,00%","5,00%"
,,,,,,,,,,
DR,ESCOLA,TURNO,TURMA,ALUNO,MATRÍCULA,MARCAÇÃO RESPONDENTE,,,,
SC,SENAI/SC - Luzerna,Noite,105692-T TELT 2025/1 N1,Eduardo Huber,2200267,A,,,,
SC,SENAI/SC - Luzerna,Noite,105692-T TELT 2025/1 N1,Adriano Sartori,2113742,B,,,,
SC,SENAI/SC - Luzerna,Noite,105692-T TELT 2025/1 N1,Erick Sauer,2112339,A,,,,
SC,SENAI/SC - Luzerna,Noite,105692-T TELT 2025/1 N1,Cesar Kieling,2205313,A,,,,
SC,SENAI/SC - Luzerna,Noite,105692-T TELT 2025/1 N1,Vinicius Bizinela Meneghini,2149338,A,,,,
SC,SENAI/SC - Luzerna,Noite,105692-T TELT 2025/1 N1,Felipe Nesi Ansiliero,2195165,A,,,,
SC,SENAI/SC - Luzerna,Noite,105692-T TELT 2025/1 N1,Cristian de Morais Bonato,2191881,A,,,,
SC,SENAI/SC - Luzerna,Noite,105692-T TELT 2025/1 N1,Ederson Felipe Pereira Duarte,2192756,A,,,,
SC,SENAI/SC - Luzerna,Noite,105692-T TELT 2025/1 N1,Caique Candido Tonial,2182712,D,,,,
SC,SENAI/SC - Luzerna,Noite,105692-T TELT 2025/1 N1,Augusto Rhoden Sauthier,2184009,B,,,,
SC,SENAI/SC - Luzerna,Noite,105692-T TELT 2025/1 N1,Ysmael Henrique dos Santos,2200786,A,,,,
SC,SENAI/SC - Luzerna,Noite,105692-T TELT 2025/1 N1,Eduardo Bresciani Burghardt,2144581,A,,,,
SC,SENAI/SC - Luzerna,Noite,105692-T TELT 2025/1 N1,Maria Eduarda Lokstein,2184967,A,,,,
SC,SENAI/SC - Luzerna,Noite,105692-T TELT 2025/1 N1,Gabriel Biagentini,2182387,D,,,,
SC,SENAI/SC - Luzerna,Noite,105692-T TELT 2025/1 N1,Maria Luiza Arenhart,2152702,B,,,,
SC,SENAI/SC - Luzerna,Noite,105692-T TELT 2025/1 N1,Bruno Leonardo Selzlein Melere,2158947,A,,,,
SC,SENAI/SC - Luzerna,Noite,105692-T TELT 2025/1 N1,Laertty Trevisol Brunetto,2118670,A,,,,
SC,SENAI/SC - Luzerna,Noite,105692-T TELT 2025/1 N1,Dorberto Adriano Peres de Oliveira,2193144,A,,,,
SC,SENAI/SC - Luzerna,Noite,105692-T TELT 2025/1 N1,Vítor Gabriel Silveira dos Santos,2203586,D,,,,
SC,SENAI/SC - Luzerna,Noite,105692-T TELT 2025/1 N1,Rogerio Brunetto,2121304,,,,,
,,,,,,,,,,
IDENTIFICADOR,DIFICULDADE,ACERTOS,ERROS,GABARITO,A,B,C,D,E,EM BRANCO
SAEP_76980,Facil,"90,00%","10,00%",D,"5,00%","0,00%","0,00%","90,00%","0,00%","5,00%"
,,,,,,,,,,
DR,ESCOLA,TURNO,TURMA,ALUNO,MATRÍCULA,MARCAÇÃO RESPONDENTE,,,,
SC,SENAI/SC - Luzerna,Noite,105692-T TELT 2025/1 N1,Eduardo Huber,2200267,D,,,,
SC,SENAI/SC - Luzerna,Noite,105692-T TELT 2025/1 N1,Adriano Sartori,2113742,D,,,,
SC,SENAI/SC - Luzerna,Noite,105692-T TELT 2025/1 N1,Erick Sauer,2112339,D,,,,
SC,SENAI/SC - Luzerna,Noite,105692-T TELT 2025/1 N1,Cesar Kieling,2205313,D,,,,
SC,SENAI/SC - Luzerna,Noite,105692-T TELT 2025/1 N1,Vinicius Bizinela Meneghini,2149338,D,,,,
SC,SENAI/SC - Luzerna,Noite,105692-T TELT 2025/1 N1,Felipe Nesi Ansiliero,2195165,D,,,,
SC,SENAI/SC - Luzerna,Noite,105692-T TELT 2025/1 N1,Cristian de Morais Bonato,2191881,D,,,,
SC,SENAI/SC - Luzerna,Noite,105692-T TELT 2025/1 N1,Ederson Felipe Pereira Duarte,2192756,D,,,,
SC,SENAI/SC - Luzerna,Noite,105692-T TELT 2025/1 N1,Caique Candido Tonial,2182712,D,,,,
SC,SENAI/SC - Luzerna,Noite,105692-T TELT 2025/1 N1,Augusto Rhoden Sauthier,2184009,D,,,,
SC,SENAI/SC - Luzerna,Noite,105692-T TELT 2025/1 N1,Ysmael Henrique dos Santos,2200786,A,,,,
SC,SENAI/SC - Luzerna,Noite,105692-T TELT 2025/1 N1,Eduardo Bresciani Burghardt,2144581,D,,,,
SC,SENAI/SC - Luzerna,Noite,105692-T TELT 2025/1 N1,Maria Eduarda Lokstein,2184967,D,,,,
SC,SENAI/SC - Luzerna,Noite,105692-T TELT 2025/1 N1,Gabriel Biagentini,2182387,D,,,,
SC,SENAI/SC - Luzerna,Noite,105692-T TELT 2025/1 N1,Maria Luiza Arenhart,2152702,D,,,,
SC,SENAI/SC - Luzerna,Noite,105692-T TELT 2025/1 N1,Bruno Leonardo Selzlein Melere,2158947,D,,,,
SC,SENAI/SC - Luzerna,Noite,105692-T TELT 2025/1 N1,Laertty Trevisol Brunetto,2118670,D,,,,
SC,SENAI/SC - Luzerna,Noite,105692-T TELT 2025/1 N1,Dorberto Adriano Peres de Oliveira,2193144,D,,,,
SC,SENAI/SC - Luzerna,Noite,105692-T TELT 2025/1 N1,Vítor Gabriel Silveira dos Santos,2203586,D,,,,
SC,SENAI/SC - Luzerna,Noite,105692-T TELT 2025/1 N1,Rogerio Brunetto,2121304,,,,,
,,,,,,,,,,
IDENTIFICADOR,DIFICULDADE,ACERTOS,ERROS,GABARITO,A,B,C,D,E,EM BRANCO
SAEP_79948,Facil,"90,00%","10,00%",B,"5,00%","90,00%","0,00%","0,00%","0,00%","5,00%"
,,,,,,,,,,
DR,ESCOLA,TURNO,TURMA,ALUNO,MATRÍCULA,MARCAÇÃO RESPONDENTE,,,,
SC,SENAI/SC - Luzerna,Noite,105692-T TELT 2025/1 N1,Eduardo Huber,2200267,B,,,,
SC,SENAI/SC - Luzerna,Noite,105692-T TELT 2025/1 N1,Adriano Sartori,2113742,B,,,,
SC,SENAI/SC - Luzerna,Noite,105692-T TELT 2025/1 N1,Erick Sauer,2112339,B,,,,
SC,SENAI/SC - Luzerna,Noite,105692-T TELT 2025/1 N1,Cesar Kieling,2205313,B,,,,
SC,SENAI/SC - Luzerna,Noite,105692-T TELT 2025/1 N1,Vinicius Bizinela Meneghini,2149338,B,,,,
SC,SENAI/SC - Luzerna,Noite,105692-T TELT 2025/1 N1,Felipe Nesi Ansiliero,2195165,B,,,,
SC,SENAI/SC - Luzerna,Noite,105692-T TELT 2025/1 N1,Cristian de Morais Bonato,2191881,B,,,,
SC,SENAI/SC - Luzerna,Noite,105692-T TELT 2025/1 N1,Ederson Felipe Pereira Duarte,2192756,B,,,,
SC,SENAI/SC - Luzerna,Noite,105692-T TELT 2025/1 N1,Caique Candido Tonial,2182712,B,,,,
SC,SENAI/SC - Luzerna,Noite,105692-T TELT 2025/1 N1,Augusto Rhoden Sauthier,2184009,B,,,,
SC,SENAI/SC - Luzerna,Noite,105692-T TELT 2025/1 N1,Ysmael Henrique dos Santos,2200786,B,,,,
SC,SENAI/SC - Luzerna,Noite,105692-T TELT 2025/1 N1,Eduardo Bresciani Burghardt,2144581,B,,,,
SC,SENAI/SC - Luzerna,Noite,105692-T TELT 2025/1 N1,Maria Eduarda Lokstein,2184967,B,,,,
SC,SENAI/SC - Luzerna,Noite,105692-T TELT 2025/1 N1,Gabriel Biagentini,2182387,A,,,,
SC,SENAI/SC - Luzerna,Noite,105692-T TELT 2025/1 N1,Maria Luiza Arenhart,2152702,B,,,,
SC,SENAI/SC - Luzerna,Noite,105692-T TELT 2025/1 N1,Bruno Leonardo Selzlein Melere,2158947,B,,,,
SC,SENAI/SC - Luzerna,Noite,105692-T TELT 2025/1 N1,Laertty Trevisol Brunetto,2118670,B,,,,
SC,SENAI/SC - Luzerna,Noite,105692-T TELT 2025/1 N1,Dorberto Adriano Peres de Oliveira,2193144,B,,,,
SC,SENAI/SC - Luzerna,Noite,105692-T TELT 2025/1 N1,Vítor Gabriel Silveira dos Santos,2203586,B,,,,
SC,SENAI/SC - Luzerna,Noite,105692-T TELT 2025/1 N1,Rogerio Brunetto,2121304,,,,,
,,,,,,,,,,
(Avaliar a capacidade de) Capacidade,"(Para) Subfunção, Padrão de desempenho",(Ao) Função,(Por meio de) Conhecimento,Aproveitamento,,,,,,
Aplicar técnicas de manutenção conforme componente a ser reparado ou substituído.,"Manter sistemas elétricos prediais Considerando Legislação, Normas Técnicas, de Qualidade, de Segurança, Saúde e Sustentabilidade//Considerando o Projeto Elétrico, Ordem de Serviço e o Plano de Controle da Manutenção - PCM","Executar processos de instalação, manutenção e elaboração de projetos em sistemas elétricos prediais seguindo procedimentos e Normas Técnicas, de Qualidade, de Segurança, Saúde e Sustentabilidade.",Manutenção Elétrica,"80,00%",,,,,,
,,,,,,,,,,
IDENTIFICADOR,DIFICULDADE,ACERTOS,ERROS,GABARITO,A,B,C,D,E,EM BRANCO
SAEP_50884,Medio,"70,00%","30,00%",B,"20,00%","70,00%","5,00%","0,00%","0,00%","5,00%"
,,,,,,,,,,
DR,ESCOLA,TURNO,TURMA,ALUNO,MATRÍCULA,MARCAÇÃO RESPONDENTE,,,,
SC,SENAI/SC - Luzerna,Noite,105692-T TELT 2025/1 N1,Eduardo Huber,2200267,B,,,,
SC,SENAI/SC - Luzerna,Noite,105692-T TELT 2025/1 N1,Adriano Sartori,2113742,A,,,,
SC,SENAI/SC - Luzerna,Noite,105692-T TELT 2025/1 N1,Erick Sauer,2112339,B,,,,
SC,SENAI/SC - Luzerna,Noite,105692-T TELT 2025/1 N1,Cesar Kieling,2205313,B,,,,
SC,SENAI/SC - Luzerna,Noite,105692-T TELT 2025/1 N1,Vinicius Bizinela Meneghini,2149338,A,,,,
SC,SENAI/SC - Luzerna,Noite,105692-T TELT 2025/1 N1,Felipe Nesi Ansiliero,2195165,B,,,,
SC,SENAI/SC - Luzerna,Noite,105692-T TELT 2025/1 N1,Cristian de Morais Bonato,2191881,A,,,,
SC,SENAI/SC - Luzerna,Noite,105692-T TELT 2025/1 N1,Ederson Felipe Pereira Duarte,2192756,B,,,,
SC,SENAI/SC - Luzerna,Noite,105692-T TELT 2025/1 N1,Caique Candido Tonial,2182712,B,,,,
SC,SENAI/SC - Luzerna,Noite,105692-T TELT 2025/1 N1,Augusto Rhoden Sauthier,2184009,B,,,,
SC,SENAI/SC - Luzerna,Noite,105692-T TELT 2025/1 N1,Ysmael Henrique dos Santos,2200786,B,,,,
SC,SENAI/SC - Luzerna,Noite,105692-T TELT 2025/1 N1,Eduardo Bresciani Burghardt,2144581,B,,,,
SC,SENAI/SC - Luzerna,Noite,105692-T TELT 2025/1 N1,Maria Eduarda Lokstein,2184967,B,,,,
SC,SENAI/SC - Luzerna,Noite,105692-T TELT 2025/1 N1,Gabriel Biagentini,2182387,C,,,,
SC,SENAI/SC - Luzerna,Noite,105692-T TELT 2025/1 N1,Maria Luiza Arenhart,2152702,A,,,,
SC,SENAI/SC - Luzerna,Noite,105692-T TELT 2025/1 N1,Bruno Leonardo Selzlein Melere,2158947,B,,,,
SC,SENAI/SC - Luzerna,Noite,105692-T TELT 2025/1 N1,Laertty Trevisol Brunetto,2118670,B,,,,
SC,SENAI/SC - Luzerna,Noite,105692-T TELT 2025/1 N1,Dorberto Adriano Peres de Oliveira,2193144,B,,,,
SC,SENAI/SC - Luzerna,Noite,105692-T TELT 2025/1 N1,Vítor Gabriel Silveira dos Santos,2203586,B,,,,
SC,SENAI/SC - Luzerna,Noite,105692-T TELT 2025/1 N1,Rogerio Brunetto,2121304,,,,,
,,,,,,,,,,
IDENTIFICADOR,DIFICULDADE,ACERTOS,ERROS,GABARITO,A,B,C,D,E,EM BRANCO
SAEP_67787,Facil,"90,00%","10,00%",C,"0,00%","0,00%","90,00%","5,00%","0,00%","5,00%"
,,,,,,,,,,
DR,ESCOLA,TURNO,TURMA,ALUNO,MATRÍCULA,MARCAÇÃO RESPONDENTE,,,,
SC,SENAI/SC - Luzerna,Noite,105692-T TELT 2025/1 N1,Eduardo Huber,2200267,C,,,,
SC,SENAI/SC - Luzerna,Noite,105692-T TELT 2025/1 N1,Adriano Sartori,2113742,C,,,,
SC,SENAI/SC - Luzerna,Noite,105692-T TELT 2025/1 N1,Erick Sauer,2112339,C,,,,
SC,SENAI/SC - Luzerna,Noite,105692-T TELT 2025/1 N1,Cesar Kieling,2205313,C,,,,
SC,SENAI/SC - Luzerna,Noite,105692-T TELT 2025/1 N1,Vinicius Bizinela Meneghini,2149338,C,,,,
SC,SENAI/SC - Luzerna,Noite,105692-T TELT 2025/1 N1,Felipe Nesi Ansiliero,2195165,C,,,,
SC,SENAI/SC - Luzerna,Noite,105692-T TELT 2025/1 N1,Cristian de Morais Bonato,2191881,C,,,,
SC,SENAI/SC - Luzerna,Noite,105692-T TELT 2025/1 N1,Ederson Felipe Pereira Duarte,2192756,C,,,,
SC,SENAI/SC - Luzerna,Noite,105692-T TELT 2025/1 N1,Caique Candido Tonial,2182712,C,,,,
SC,SENAI/SC - Luzerna,Noite,105692-T TELT 2025/1 N1,Augusto Rhoden Sauthier,2184009,D,,,,
SC,SENAI/SC - Luzerna,Noite,105692-T TELT 2025/1 N1,Ysmael Henrique dos Santos,2200786,C,,,,
SC,SENAI/SC - Luzerna,Noite,105692-T TELT 2025/1 N1,Eduardo Bresciani Burghardt,2144581,C,,,,
SC,SENAI/SC - Luzerna,Noite,105692-T TELT 2025/1 N1,Maria Eduarda Lokstein,2184967,C,,,,
SC,SENAI/SC - Luzerna,Noite,105692-T TELT 2025/1 N1,Gabriel Biagentini,2182387,C,,,,
SC,SENAI/SC - Luzerna,Noite,105692-T TELT 2025/1 N1,Maria Luiza Arenhart,2152702,C,,,,
SC,SENAI/SC - Luzerna,Noite,105692-T TELT 2025/1 N1,Bruno Leonardo Selzlein Melere,2158947,C,,,,
SC,SENAI/SC - Luzerna,Noite,105692-T TELT 2025/1 N1,Laertty Trevisol Brunetto,2118670,C,,,,
SC,SENAI/SC - Luzerna,Noite,105692-T TELT 2025/1 N1,Dorberto Adriano Peres de Oliveira,2193144,C,,,,
SC,SENAI/SC - Luzerna,Noite,105692-T TELT 2025/1 N1,Vítor Gabriel Silveira dos Santos,2203586,C,,,,
SC,SENAI/SC - Luzerna,Noite,105692-T TELT 2025/1 N1,Rogerio Brunetto,2121304,,,,,
,,,,,,,,,,
(Avaliar a capacidade de) Capacidade,"(Para) Subfunção, Padrão de desempenho",(Ao) Função,(Por meio de) Conhecimento,Aproveitamento,,,,,,
Aplicar técnicas de aterramento.//Utilizar instrumentos de medição para instalação e manutenção.,"Manter sistemas elétricos de potência Considerando as especificações do projeto elétrico de potência, manuais dos equipamentos e catálogos dos fabricantes//Considerando Legislação, Normas Técnicas, de Qualidade, de Segurança, Saúde e Sustentabilidade//Considerando os Procedimentos Operacionais da Concessionária, Ordem de Serviço, Plano de Manutenção, Operação e Controle","Executar processos de instalação, manutenção e elaboração de projetos em Sistema Elétrico de Potência - SEP, seguindo procedimentos e Normas Técnicas, de Qualidade, de Segurança, Saúde e Sustentabilidade.",Equipamentos de medição elétrica//Redes de Distribuição,"75,00%",,,,,,
,,,,,,,,,,
IDENTIFICADOR,DIFICULDADE,ACERTOS,ERROS,GABARITO,A,B,C,D,E,EM BRANCO
SAEP_54725,Medio,"70,00%","30,00%",C,"0,00%","25,00%","70,00%","0,00%","0,00%","5,00%"
,,,,,,,,,,
DR,ESCOLA,TURNO,TURMA,ALUNO,MATRÍCULA,MARCAÇÃO RESPONDENTE,,,,
SC,SENAI/SC - Luzerna,Noite,105692-T TELT 2025/1 N1,Eduardo Huber,2200267,C,,,,
SC,SENAI/SC - Luzerna,Noite,105692-T TELT 2025/1 N1,Adriano Sartori,2113742,C,,,,
SC,SENAI/SC - Luzerna,Noite,105692-T TELT 2025/1 N1,Erick Sauer,2112339,B,,,,
SC,SENAI/SC - Luzerna,Noite,105692-T TELT 2025/1 N1,Cesar Kieling,2205313,C,,,,
SC,SENAI/SC - Luzerna,Noite,105692-T TELT 2025/1 N1,Vinicius Bizinela Meneghini,2149338,C,,,,
SC,SENAI/SC - Luzerna,Noite,105692-T TELT 2025/1 N1,Felipe Nesi Ansiliero,2195165,C,,,,
SC,SENAI/SC - Luzerna,Noite,105692-T TELT 2025/1 N1,Cristian de Morais Bonato,2191881,C,,,,
SC,SENAI/SC - Luzerna,Noite,105692-T TELT 2025/1 N1,Ederson Felipe Pereira Duarte,2192756,C,,,,
SC,SENAI/SC - Luzerna,Noite,105692-T TELT 2025/1 N1,Caique Candido Tonial,2182712,B,,,,
SC,SENAI/SC - Luzerna,Noite,105692-T TELT 2025/1 N1,Augusto Rhoden Sauthier,2184009,C,,,,
SC,SENAI/SC - Luzerna,Noite,105692-T TELT 2025/1 N1,Ysmael Henrique dos Santos,2200786,B,,,,
SC,SENAI/SC - Luzerna,Noite,105692-T TELT 2025/1 N1,Eduardo Bresciani Burghardt,2144581,C,,,,
SC,SENAI/SC - Luzerna,Noite,105692-T TELT 2025/1 N1,Maria Eduarda Lokstein,2184967,C,,,,
SC,SENAI/SC - Luzerna,Noite,105692-T TELT 2025/1 N1,Gabriel Biagentini,2182387,C,,,,
SC,SENAI/SC - Luzerna,Noite,105692-T TELT 2025/1 N1,Maria Luiza Arenhart,2152702,B,,,,
SC,SENAI/SC - Luzerna,Noite,105692-T TELT 2025/1 N1,Bruno Leonardo Selzlein Melere,2158947,C,,,,
SC,SENAI/SC - Luzerna,Noite,105692-T TELT 2025/1 N1,Laertty Trevisol Brunetto,2118670,C,,,,
SC,SENAI/SC - Luzerna,Noite,105692-T TELT 2025/1 N1,Dorberto Adriano Peres de Oliveira,2193144,C,,,,
SC,SENAI/SC - Luzerna,Noite,105692-T TELT 2025/1 N1,Vítor Gabriel Silveira dos Santos,2203586,B,,,,
SC,SENAI/SC - Luzerna,Noite,105692-T TELT 2025/1 N1,Rogerio Brunetto,2121304,,,,,
,,,,,,,,,,
IDENTIFICADOR,DIFICULDADE,ACERTOS,ERROS,GABARITO,A,B,C,D,E,EM BRANCO
SAEP_76994,Medio,"85,00%","15,00%",B,"0,00%","85,00%","0,00%","10,00%","0,00%","5,00%"
,,,,,,,,,,
DR,ESCOLA,TURNO,TURMA,ALUNO,MATRÍCULA,MARCAÇÃO RESPONDENTE,,,,
SC,SENAI/SC - Luzerna,Noite,105692-T TELT 2025/1 N1,Eduardo Huber,2200267,B,,,,
SC,SENAI/SC - Luzerna,Noite,105692-T TELT 2025/1 N1,Adriano Sartori,2113742,B,,,,
SC,SENAI/SC - Luzerna,Noite,105692-T TELT 2025/1 N1,Erick Sauer,2112339,B,,,,
SC,SENAI/SC - Luzerna,Noite,105692-T TELT 2025/1 N1,Cesar Kieling,2205313,B,,,,
SC,SENAI/SC - Luzerna,Noite,105692-T TELT 2025/1 N1,Vinicius Bizinela Meneghini,2149338,B,,,,
SC,SENAI/SC - Luzerna,Noite,105692-T TELT 2025/1 N1,Felipe Nesi Ansiliero,2195165,B,,,,
SC,SENAI/SC - Luzerna,Noite,105692-T TELT 2025/1 N1,Cristian de Morais Bonato,2191881,B,,,,
SC,SENAI/SC - Luzerna,Noite,105692-T TELT 2025/1 N1,Ederson Felipe Pereira Duarte,2192756,B,,,,
SC,SENAI/SC - Luzerna,Noite,105692-T TELT 2025/1 N1,Caique Candido Tonial,2182712,D,,,,
SC,SENAI/SC - Luzerna,Noite,105692-T TELT 2025/1 N1,Augusto Rhoden Sauthier,2184009,B,,,,
SC,SENAI/SC - Luzerna,Noite,105692-T TELT 2025/1 N1,Ysmael Henrique dos Santos,2200786,B,,,,
SC,SENAI/SC - Luzerna,Noite,105692-T TELT 2025/1 N1,Eduardo Bresciani Burghardt,2144581,B,,,,
SC,SENAI/SC - Luzerna,Noite,105692-T TELT 2025/1 N1,Maria Eduarda Lokstein,2184967,B,,,,
SC,SENAI/SC - Luzerna,Noite,105692-T TELT 2025/1 N1,Gabriel Biagentini,2182387,B,,,,
SC,SENAI/SC - Luzerna,Noite,105692-T TELT 2025/1 N1,Maria Luiza Arenhart,2152702,D,,,,
SC,SENAI/SC - Luzerna,Noite,105692-T TELT 2025/1 N1,Bruno Leonardo Selzlein Melere,2158947,B,,,,
SC,SENAI/SC - Luzerna,Noite,105692-T TELT 2025/1 N1,Laertty Trevisol Brunetto,2118670,B,,,,
SC,SENAI/SC - Luzerna,Noite,105692-T TELT 2025/1 N1,Dorberto Adriano Peres de Oliveira,2193144,B,,,,
SC,SENAI/SC - Luzerna,Noite,105692-T TELT 2025/1 N1,Vítor Gabriel Silveira dos Santos,2203586,B,,,,
SC,SENAI/SC - Luzerna,Noite,105692-T TELT 2025/1 N1,Rogerio Brunetto,2121304,,,,,
,,,,,,,,,,
IDENTIFICADOR,DIFICULDADE,ACERTOS,ERROS,GABARITO,A,B,C,D,E,EM BRANCO
SAEP_77534,Dificil,"70,00%","30,00%",B,"20,00%","70,00%","5,00%","0,00%","0,00%","5,00%"
,,,,,,,,,,
DR,ESCOLA,TURNO,TURMA,ALUNO,MATRÍCULA,MARCAÇÃO RESPONDENTE,,,,
SC,SENAI/SC - Luzerna,Noite,105692-T TELT 2025/1 N1,Eduardo Huber,2200267,B,,,,
SC,SENAI/SC - Luzerna,Noite,105692-T TELT 2025/1 N1,Adriano Sartori,2113742,B,,,,
SC,SENAI/SC - Luzerna,Noite,105692-T TELT 2025/1 N1,Erick Sauer,2112339,A,,,,
SC,SENAI/SC - Luzerna,Noite,105692-T TELT 2025/1 N1,Cesar Kieling,2205313,B,,,,
SC,SENAI/SC - Luzerna,Noite,105692-T TELT 2025/1 N1,Vinicius Bizinela Meneghini,2149338,A,,,,
SC,SENAI/SC - Luzerna,Noite,105692-T TELT 2025/1 N1,Felipe Nesi Ansiliero,2195165,B,,,,
SC,SENAI/SC - Luzerna,Noite,105692-T TELT 2025/1 N1,Cristian de Morais Bonato,2191881,B,,,,
SC,SENAI/SC - Luzerna,Noite,105692-T TELT 2025/1 N1,Ederson Felipe Pereira Duarte,2192756,B,,,,
SC,SENAI/SC - Luzerna,Noite,105692-T TELT 2025/1 N1,Caique Candido Tonial,2182712,B,,,,
SC,SENAI/SC - Luzerna,Noite,105692-T TELT 2025/1 N1,Augusto Rhoden Sauthier,2184009,A,,,,
SC,SENAI/SC - Luzerna,Noite,105692-T TELT 2025/1 N1,Ysmael Henrique dos Santos,2200786,B,,,,
SC,SENAI/SC - Luzerna,Noite,105692-T TELT 2025/1 N1,Eduardo Bresciani Burghardt,2144581,A,,,,
SC,SENAI/SC - Luzerna,Noite,105692-T TELT 2025/1 N1,Maria Eduarda Lokstein,2184967,B,,,,
SC,SENAI/SC - Luzerna,Noite,105692-T TELT 2025/1 N1,Gabriel Biagentini,2182387,B,,,,
SC,SENAI/SC - Luzerna,Noite,105692-T TELT 2025/1 N1,Maria Luiza Arenhart,2152702,C,,,,
SC,SENAI/SC - Luzerna,Noite,105692-T TELT 2025/1 N1,Bruno Leonardo Selzlein Melere,2158947,B,,,,
SC,SENAI/SC - Luzerna,Noite,105692-T TELT 2025/1 N1,Laertty Trevisol Brunetto,2118670,B,,,,
SC,SENAI/SC - Luzerna,Noite,105692-T TELT 2025/1 N1,Dorberto Adriano Peres de Oliveira,2193144,B,,,,
SC,SENAI/SC - Luzerna,Noite,105692-T TELT 2025/1 N1,Vítor Gabriel Silveira dos Santos,2203586,B,,,,
SC,SENAI/SC - Luzerna,Noite,105692-T TELT 2025/1 N1,Rogerio Brunetto,2121304,,,,,
,,,,,,,,,,
(Avaliar a capacidade de) Capacidade,"(Para) Subfunção, Padrão de desempenho",(Ao) Função,(Por meio de) Conhecimento,Aproveitamento,,,,,,
Reconhecer os fundamentos da eletricidade quanto a circuitos de corrente contínua e alternada e grandezas elétricas.//Utilizar instrumentos de medição para instalação e manutenção.,"Instalar sistemas elétricos prediais Considerando Legislação, Normas Técnicas, de Qualidade, de Segurança, Saúde e Sustentabilidade//Considerando o Projeto Elétrico, Ordens de Serviço e Procedimentos Operacionais","Executar processos de instalação, manutenção e elaboração de projetos em sistemas elétricos prediais seguindo procedimentos e Normas Técnicas, de Qualidade, de Segurança, Saúde e Sustentabilidade.",Circuitos Elétricos em Corrente Alternada//Equipamentos de medição elétrica//Unidades de medidas,"71,70%",,,,,,
,,,,,,,,,,
IDENTIFICADOR,DIFICULDADE,ACERTOS,ERROS,GABARITO,A,B,C,D,E,EM BRANCO
SAEP_54064,Medio,"75,00%","25,00%",B,"10,00%","75,00%","5,00%","5,00%","0,00%","5,00%"
,,,,,,,,,,
DR,ESCOLA,TURNO,TURMA,ALUNO,MATRÍCULA,MARCAÇÃO RESPONDENTE,,,,
SC,SENAI/SC - Luzerna,Noite,105692-T TELT 2025/1 N1,Eduardo Huber,2200267,B,,,,
SC,SENAI/SC - Luzerna,Noite,105692-T TELT 2025/1 N1,Adriano Sartori,2113742,B,,,,
SC,SENAI/SC - Luzerna,Noite,105692-T TELT 2025/1 N1,Erick Sauer,2112339,B,,,,
SC,SENAI/SC - Luzerna,Noite,105692-T TELT 2025/1 N1,Cesar Kieling,2205313,D,,,,
SC,SENAI/SC - Luzerna,Noite,105692-T TELT 2025/1 N1,Vinicius Bizinela Meneghini,2149338,B,,,,
SC,SENAI/SC - Luzerna,Noite,105692-T TELT 2025/1 N1,Felipe Nesi Ansiliero,2195165,C,,,,
SC,SENAI/SC - Luzerna,Noite,105692-T TELT 2025/1 N1,Cristian de Morais Bonato,2191881,B,,,,
SC,SENAI/SC - Luzerna,Noite,105692-T TELT 2025/1 N1,Ederson Felipe Pereira Duarte,2192756,B,,,,
SC,SENAI/SC - Luzerna,Noite,105692-T TELT 2025/1 N1,Caique Candido Tonial,2182712,A,,,,
SC,SENAI/SC - Luzerna,Noite,105692-T TELT 2025/1 N1,Augusto Rhoden Sauthier,2184009,B,,,,
SC,SENAI/SC - Luzerna,Noite,105692-T TELT 2025/1 N1,Ysmael Henrique dos Santos,2200786,B,,,,
SC,SENAI/SC - Luzerna,Noite,105692-T TELT 2025/1 N1,Eduardo Bresciani Burghardt,2144581,B,,,,
SC,SENAI/SC - Luzerna,Noite,105692-T TELT 2025/1 N1,Maria Eduarda Lokstein,2184967,B,,,,
SC,SENAI/SC - Luzerna,Noite,105692-T TELT 2025/1 N1,Gabriel Biagentini,2182387,A,,,,
SC,SENAI/SC - Luzerna,Noite,105692-T TELT 2025/1 N1,Maria Luiza Arenhart,2152702,B,,,,
SC,SENAI/SC - Luzerna,Noite,105692-T TELT 2025/1 N1,Bruno Leonardo Selzlein Melere,2158947,B,,,,
SC,SENAI/SC - Luzerna,Noite,105692-T TELT 2025/1 N1,Laertty Trevisol Brunetto,2118670,B,,,,
SC,SENAI/SC - Luzerna,Noite,105692-T TELT 2025/1 N1,Dorberto Adriano Peres de Oliveira,2193144,B,,,,
SC,SENAI/SC - Luzerna,Noite,105692-T TELT 2025/1 N1,Vítor Gabriel Silveira dos Santos,2203586,B,,,,
SC,SENAI/SC - Luzerna,Noite,105692-T TELT 2025/1 N1,Rogerio Brunetto,2121304,,,,,
,,,,,,,,,,
IDENTIFICADOR,DIFICULDADE,ACERTOS,ERROS,GABARITO,A,B,C,D,E,EM BRANCO
SAEP_60004,Dificil,"60,00%","40,00%",B,"5,00%","60,00%","5,00%","25,00%","0,00%","5,00%"
,,,,,,,,,,
DR,ESCOLA,TURNO,TURMA,ALUNO,MATRÍCULA,MARCAÇÃO RESPONDENTE,,,,
SC,SENAI/SC - Luzerna,Noite,105692-T TELT 2025/1 N1,Eduardo Huber,2200267,D,,,,
SC,SENAI/SC - Luzerna,Noite,105692-T TELT 2025/1 N1,Adriano Sartori,2113742,B,,,,
SC,SENAI/SC - Luzerna,Noite,105692-T TELT 2025/1 N1,Erick Sauer,2112339,D,,,,
SC,SENAI/SC - Luzerna,Noite,105692-T TELT 2025/1 N1,Cesar Kieling,2205313,C,,,,
SC,SENAI/SC - Luzerna,Noite,105692-T TELT 2025/1 N1,Vinicius Bizinela Meneghini,2149338,D,,,,
SC,SENAI/SC - Luzerna,Noite,105692-T TELT 2025/1 N1,Felipe Nesi Ansiliero,2195165,B,,,,
SC,SENAI/SC - Luzerna,Noite,105692-T TELT 2025/1 N1,Cristian de Morais Bonato,2191881,D,,,,
SC,SENAI/SC - Luzerna,Noite,105692-T TELT 2025/1 N1,Ederson Felipe Pereira Duarte,2192756,D,,,,
SC,SENAI/SC - Luzerna,Noite,105692-T TELT 2025/1 N1,Caique Candido Tonial,2182712,B,,,,
SC,SENAI/SC - Luzerna,Noite,105692-T TELT 2025/1 N1,Augusto Rhoden Sauthier,2184009,B,,,,
SC,SENAI/SC - Luzerna,Noite,105692-T TELT 2025/1 N1,Ysmael Henrique dos Santos,2200786,B,,,,
SC,SENAI/SC - Luzerna,Noite,105692-T TELT 2025/1 N1,Eduardo Bresciani Burghardt,2144581,B,,,,
SC,SENAI/SC - Luzerna,Noite,105692-T TELT 2025/1 N1,Maria Eduarda Lokstein,2184967,B,,,,
SC,SENAI/SC - Luzerna,Noite,105692-T TELT 2025/1 N1,Gabriel Biagentini,2182387,B,,,,
SC,SENAI/SC - Luzerna,Noite,105692-T TELT 2025/1 N1,Maria Luiza Arenhart,2152702,B,,,,
SC,SENAI/SC - Luzerna,Noite,105692-T TELT 2025/1 N1,Bruno Leonardo Selzlein Melere,2158947,B,,,,
SC,SENAI/SC - Luzerna,Noite,105692-T TELT 2025/1 N1,Laertty Trevisol Brunetto,2118670,B,,,,
SC,SENAI/SC - Luzerna,Noite,105692-T TELT 2025/1 N1,Dorberto Adriano Peres de Oliveira,2193144,A,,,,
SC,SENAI/SC - Luzerna,Noite,105692-T TELT 2025/1 N1,Vítor Gabriel Silveira dos Santos,2203586,B,,,,
SC,SENAI/SC - Luzerna,Noite,105692-T TELT 2025/1 N1,Rogerio Brunetto,2121304,,,,,
,,,,,,,,,,
IDENTIFICADOR,DIFICULDADE,ACERTOS,ERROS,GABARITO,A,B,C,D,E,EM BRANCO
SAEP_77686,Facil,"80,00%","20,00%",B,"20,00%","80,00%","0,00%","0,00%","0,00%","0,00%"
,,,,,,,,,,
DR,ESCOLA,TURNO,TURMA,ALUNO,MATRÍCULA,MARCAÇÃO RESPONDENTE,,,,
SC,SENAI/SC - Luzerna,Noite,105692-T TELT 2025/1 N1,Eduardo Huber,2200267,B,,,,
SC,SENAI/SC - Luzerna,Noite,105692-T TELT 2025/1 N1,Adriano Sartori,2113742,B,,,,
SC,SENAI/SC - Luzerna,Noite,105692-T TELT 2025/1 N1,Erick Sauer,2112339,B,,,,
SC,SENAI/SC - Luzerna,Noite,105692-T TELT 2025/1 N1,Cesar Kieling,2205313,B,,,,
SC,SENAI/SC - Luzerna,Noite,105692-T TELT 2025/1 N1,Vinicius Bizinela Meneghini,2149338,B,,,,
SC,SENAI/SC - Luzerna,Noite,105692-T TELT 2025/1 N1,Felipe Nesi Ansiliero,2195165,B,,,,
SC,SENAI/SC - Luzerna,Noite,105692-T TELT 2025/1 N1,Cristian de Morais Bonato,2191881,B,,,,
SC,SENAI/SC - Luzerna,Noite,105692-T TELT 2025/1 N1,Ederson Felipe Pereira Duarte,2192756,B,,,,
SC,SENAI/SC - Luzerna,Noite,105692-T TELT 2025/1 N1,Caique Candido Tonial,2182712,B,,,,
SC,SENAI/SC - Luzerna,Noite,105692-T TELT 2025/1 N1,Augusto Rhoden Sauthier,2184009,B,,,,
SC,SENAI/SC - Luzerna,Noite,105692-T TELT 2025/1 N1,Ysmael Henrique dos Santos,2200786,B,,,,
SC,SENAI/SC - Luzerna,Noite,105692-T TELT 2025/1 N1,Eduardo Bresciani Burghardt,2144581,B,,,,
SC,SENAI/SC - Luzerna,Noite,105692-T TELT 2025/1 N1,Maria Eduarda Lokstein,2184967,A,,,,
SC,SENAI/SC - Luzerna,Noite,105692-T TELT 2025/1 N1,Gabriel Biagentini,2182387,B,,,,
SC,SENAI/SC - Luzerna,Noite,105692-T TELT 2025/1 N1,Maria Luiza Arenhart,2152702,A,,,,
SC,SENAI/SC - Luzerna,Noite,105692-T TELT 2025/1 N1,Bruno Leonardo Selzlein Melere,2158947,A,,,,
SC,SENAI/SC - Luzerna,Noite,105692-T TELT 2025/1 N1,Laertty Trevisol Brunetto,2118670,B,,,,
SC,SENAI/SC - Luzerna,Noite,105692-T TELT 2025/1 N1,Dorberto Adriano Peres de Oliveira,2193144,B,,,,
SC,SENAI/SC - Luzerna,Noite,105692-T TELT 2025/1 N1,Vítor Gabriel Silveira dos Santos,2203586,B,,,,
SC,SENAI/SC - Luzerna,Noite,105692-T TELT 2025/1 N1,Rogerio Brunetto,2121304,A,,,,
,,,,,,,,,,
(Avaliar a capacidade de) Capacidade,"(Para) Subfunção, Padrão de desempenho",(Ao) Função,(Por meio de) Conhecimento,Aproveitamento,,,,,,
Aplicar normas técnicas e procedimentos de segurança.//Utilizar instrumentos de medição para instalação e manutenção.,"Manter sistemas elétricos industriais Considerando as especificações do projeto elétrico, manuais dos equipamentos e catálogos dos fabricantes//Considerando Legislação, Normas Técnicas, de Qualidade, de Segurança, Saúde e Sustentabilidade//Considerando o Plano de Manutenção, Operação e Controle - PMOC","Executar processos de instalação, manutenção e elaboração de projetos em sistemas elétricos industriais seguindo procedimentos e Normas Técnicas, de Qualidade, de Segurança, Saúde e Sustentabilidade.",Equipamentos de medição elétrica//Normas Técnicas e Regulamentações Aplicadas,"63,30%",,,,,,
,,,,,,,,,,
IDENTIFICADOR,DIFICULDADE,ACERTOS,ERROS,GABARITO,A,B,C,D,E,EM BRANCO
SAEP_54323,Medio,"70,00%","30,00%",A,"70,00%","0,00%","25,00%","0,00%","0,00%","5,00%"
,,,,,,,,,,
DR,ESCOLA,TURNO,TURMA,ALUNO,MATRÍCULA,MARCAÇÃO RESPONDENTE,,,,
SC,SENAI/SC - Luzerna,Noite,105692-T TELT 2025/1 N1,Eduardo Huber,2200267,C,,,,
SC,SENAI/SC - Luzerna,Noite,105692-T TELT 2025/1 N1,Adriano Sartori,2113742,A,,,,
SC,SENAI/SC - Luzerna,Noite,105692-T TELT 2025/1 N1,Erick Sauer,2112339,A,,,,
SC,SENAI/SC - Luzerna,Noite,105692-T TELT 2025/1 N1,Cesar Kieling,2205313,C,,,,
SC,SENAI/SC - Luzerna,Noite,105692-T TELT 2025/1 N1,Vinicius Bizinela Meneghini,2149338,A,,,,
SC,SENAI/SC - Luzerna,Noite,105692-T TELT 2025/1 N1,Felipe Nesi Ansiliero,2195165,C,,,,
SC,SENAI/SC - Luzerna,Noite,105692-T TELT 2025/1 N1,Cristian de Morais Bonato,2191881,A,,,,
SC,SENAI/SC - Luzerna,Noite,105692-T TELT 2025/1 N1,Ederson Felipe Pereira Duarte,2192756,A,,,,
SC,SENAI/SC - Luzerna,Noite,105692-T TELT 2025/1 N1,Caique Candido Tonial,2182712,C,,,,
SC,SENAI/SC - Luzerna,Noite,105692-T TELT 2025/1 N1,Augusto Rhoden Sauthier,2184009,A,,,,
SC,SENAI/SC - Luzerna,Noite,105692-T TELT 2025/1 N1,Ysmael Henrique dos Santos,2200786,A,,,,
SC,SENAI/SC - Luzerna,Noite,105692-T TELT 2025/1 N1,Eduardo Bresciani Burghardt,2144581,A,,,,
SC,SENAI/SC - Luzerna,Noite,105692-T TELT 2025/1 N1,Maria Eduarda Lokstein,2184967,A,,,,
SC,SENAI/SC - Luzerna,Noite,105692-T TELT 2025/1 N1,Gabriel Biagentini,2182387,C,,,,
SC,SENAI/SC - Luzerna,Noite,105692-T TELT 2025/1 N1,Maria Luiza Arenhart,2152702,A,,,,
SC,SENAI/SC - Luzerna,Noite,105692-T TELT 2025/1 N1,Bruno Leonardo Selzlein Melere,2158947,A,,,,
SC,SENAI/SC - Luzerna,Noite,105692-T TELT 2025/1 N1,Laertty Trevisol Brunetto,2118670,A,,,,
SC,SENAI/SC - Luzerna,Noite,105692-T TELT 2025/1 N1,Dorberto Adriano Peres de Oliveira,2193144,A,,,,
SC,SENAI/SC - Luzerna,Noite,105692-T TELT 2025/1 N1,Vítor Gabriel Silveira dos Santos,2203586,A,,,,
SC,SENAI/SC - Luzerna,Noite,105692-T TELT 2025/1 N1,Rogerio Brunetto,2121304,,,,,
,,,,,,,,,,
IDENTIFICADOR,DIFICULDADE,ACERTOS,ERROS,GABARITO,A,B,C,D,E,EM BRANCO
SAEP_77777,Medio,"25,00%","75,00%",A,"25,00%","40,00%","15,00%","15,00%","0,00%","5,00%"
,,,,,,,,,,
DR,ESCOLA,TURNO,TURMA,ALUNO,MATRÍCULA,MARCAÇÃO RESPONDENTE,,,,
SC,SENAI/SC - Luzerna,Noite,105692-T TELT 2025/1 N1,Eduardo Huber,2200267,A,,,,
SC,SENAI/SC - Luzerna,Noite,105692-T TELT 2025/1 N1,Adriano Sartori,2113742,A,,,,
SC,SENAI/SC - Luzerna,Noite,105692-T TELT 2025/1 N1,Erick Sauer,2112339,A,,,,
SC,SENAI/SC - Luzerna,Noite,105692-T TELT 2025/1 N1,Cesar Kieling,2205313,B,,,,
SC,SENAI/SC - Luzerna,Noite,105692-T TELT 2025/1 N1,Vinicius Bizinela Meneghini,2149338,C,,,,
SC,SENAI/SC - Luzerna,Noite,105692-T TELT 2025/1 N1,Felipe Nesi Ansiliero,2195165,B,,,,
SC,SENAI/SC - Luzerna,Noite,105692-T TELT 2025/1 N1,Cristian de Morais Bonato,2191881,A,,,,
SC,SENAI/SC - Luzerna,Noite,105692-T TELT 2025/1 N1,Ederson Felipe Pereira Duarte,2192756,B,,,,
SC,SENAI/SC - Luzerna,Noite,105692-T TELT 2025/1 N1,Caique Candido Tonial,2182712,A,,,,
SC,SENAI/SC - Luzerna,Noite,105692-T TELT 2025/1 N1,Augusto Rhoden Sauthier,2184009,B,,,,
SC,SENAI/SC - Luzerna,Noite,105692-T TELT 2025/1 N1,Ysmael Henrique dos Santos,2200786,C,,,,
SC,SENAI/SC - Luzerna,Noite,105692-T TELT 2025/1 N1,Eduardo Bresciani Burghardt,2144581,B,,,,
SC,SENAI/SC - Luzerna,Noite,105692-T TELT 2025/1 N1,Maria Eduarda Lokstein,2184967,D,,,,
SC,SENAI/SC - Luzerna,Noite,105692-T TELT 2025/1 N1,Gabriel Biagentini,2182387,C,,,,
SC,SENAI/SC - Luzerna,Noite,105692-T TELT 2025/1 N1,Maria Luiza Arenhart,2152702,B,,,,
SC,SENAI/SC - Luzerna,Noite,105692-T TELT 2025/1 N1,Bruno Leonardo Selzlein Melere,2158947,D,,,,
SC,SENAI/SC - Luzerna,Noite,105692-T TELT 2025/1 N1,Laertty Trevisol Brunetto,2118670,B,,,,
SC,SENAI/SC - Luzerna,Noite,105692-T TELT 2025/1 N1,Dorberto Adriano Peres de Oliveira,2193144,B,,,,
SC,SENAI/SC - Luzerna,Noite,105692-T TELT 2025/1 N1,Vítor Gabriel Silveira dos Santos,2203586,D,,,,
SC,SENAI/SC - Luzerna,Noite,105692-T TELT 2025/1 N1,Rogerio Brunetto,2121304,,,,,
,,,,,,,,,,
IDENTIFICADOR,DIFICULDADE,ACERTOS,ERROS,GABARITO,A,B,C,D,E,EM BRANCO
SAEP_77862,Facil,"95,00%","5,00%",A,"95,00%","0,00%","0,00%","0,00%","0,00%","5,00%"
,,,,,,,,,,
DR,ESCOLA,TURNO,TURMA,ALUNO,MATRÍCULA,MARCAÇÃO RESPONDENTE,,,,
SC,SENAI/SC - Luzerna,Noite,105692-T TELT 2025/1 N1,Eduardo Huber,2200267,A,,,,
SC,SENAI/SC - Luzerna,Noite,105692-T TELT 2025/1 N1,Adriano Sartori,2113742,A,,,,
SC,SENAI/SC - Luzerna,Noite,105692-T TELT 2025/1 N1,Erick Sauer,2112339,A,,,,
SC,SENAI/SC - Luzerna,Noite,105692-T TELT 2025/1 N1,Cesar Kieling,2205313,A,,,,
SC,SENAI/SC - Luzerna,Noite,105692-T TELT 2025/1 N1,Vinicius Bizinela Meneghini,2149338,A,,,,
SC,SENAI/SC - Luzerna,Noite,105692-T TELT 2025/1 N1,Felipe Nesi Ansiliero,2195165,A,,,,
SC,SENAI/SC - Luzerna,Noite,105692-T TELT 2025/1 N1,Cristian de Morais Bonato,2191881,A,,,,
SC,SENAI/SC - Luzerna,Noite,105692-T TELT 2025/1 N1,Ederson Felipe Pereira Duarte,2192756,A,,,,
SC,SENAI/SC - Luzerna,Noite,105692-T TELT 2025/1 N1,Caique Candido Tonial,2182712,A,,,,
SC,SENAI/SC - Luzerna,Noite,105692-T TELT 2025/1 N1,Augusto Rhoden Sauthier,2184009,A,,,,
SC,SENAI/SC - Luzerna,Noite,105692-T TELT 2025/1 N1,Ysmael Henrique dos Santos,2200786,A,,,,
SC,SENAI/SC - Luzerna,Noite,105692-T TELT 2025/1 N1,Eduardo Bresciani Burghardt,2144581,A,,,,
SC,SENAI/SC - Luzerna,Noite,105692-T TELT 2025/1 N1,Maria Eduarda Lokstein,2184967,A,,,,
SC,SENAI/SC - Luzerna,Noite,105692-T TELT 2025/1 N1,Gabriel Biagentini,2182387,A,,,,
SC,SENAI/SC - Luzerna,Noite,105692-T TELT 2025/1 N1,Maria Luiza Arenhart,2152702,A,,,,
SC,SENAI/SC - Luzerna,Noite,105692-T TELT 2025/1 N1,Bruno Leonardo Selzlein Melere,2158947,A,,,,
SC,SENAI/SC - Luzerna,Noite,105692-T TELT 2025/1 N1,Laertty Trevisol Brunetto,2118670,A,,,,
SC,SENAI/SC - Luzerna,Noite,105692-T TELT 2025/1 N1,Dorberto Adriano Peres de Oliveira,2193144,A,,,,
SC,SENAI/SC - Luzerna,Noite,105692-T TELT 2025/1 N1,Vítor Gabriel Silveira dos Santos,2203586,A,,,,
SC,SENAI/SC - Luzerna,Noite,105692-T TELT 2025/1 N1,Rogerio Brunetto,2121304,,,,,
,,,,,,,,,,
(Avaliar a capacidade de) Capacidade,"(Para) Subfunção, Padrão de desempenho",(Ao) Função,(Por meio de) Conhecimento,Aproveitamento,,,,,,
Aplicar cálculos de dimensionamento de sistema elétrico.,"Projetar sistemas elétricos industriais Considerando as soluções tecnológicas (energias renováveis, dispositivos para automação, tecnologias de infraestrutura), aplicáveis ao projeto//Considerando Legislação, Normas Técnicas, de Qualidade, de Segurança, Saúde e Sustentabilidade//Considerando os requisitos e necessidades do cliente e as características do local do serviço.","Executar processos de instalação, manutenção e elaboração de projetos em sistemas elétricos industriais seguindo procedimentos e Normas Técnicas, de Qualidade, de Segurança, Saúde e Sustentabilidade.",Normas Técnicas e Regulamentações Aplicadas//Projeto Elétrico,"60,00%",,,,,,
,,,,,,,,,,
IDENTIFICADOR,DIFICULDADE,ACERTOS,ERROS,GABARITO,A,B,C,D,E,EM BRANCO
SAEP_78480,Medio,"60,00%","40,00%",B,"35,00%","60,00%","0,00%","0,00%","0,00%","5,00%"
,,,,,,,,,,
DR,ESCOLA,TURNO,TURMA,ALUNO,MATRÍCULA,MARCAÇÃO RESPONDENTE,,,,
SC,SENAI/SC - Luzerna,Noite,105692-T TELT 2025/1 N1,Eduardo Huber,2200267,A,,,,
SC,SENAI/SC - Luzerna,Noite,105692-T TELT 2025/1 N1,Adriano Sartori,2113742,B,,,,
SC,SENAI/SC - Luzerna,Noite,105692-T TELT 2025/1 N1,Erick Sauer,2112339,B,,,,
SC,SENAI/SC - Luzerna,Noite,105692-T TELT 2025/1 N1,Cesar Kieling,2205313,B,,,,
SC,SENAI/SC - Luzerna,Noite,105692-T TELT 2025/1 N1,Vinicius Bizinela Meneghini,2149338,B,,,,
SC,SENAI/SC - Luzerna,Noite,105692-T TELT 2025/1 N1,Felipe Nesi Ansiliero,2195165,A,,,,
SC,SENAI/SC - Luzerna,Noite,105692-T TELT 2025/1 N1,Cristian de Morais Bonato,2191881,B,,,,
SC,SENAI/SC - Luzerna,Noite,105692-T TELT 2025/1 N1,Ederson Felipe Pereira Duarte,2192756,A,,,,
SC,SENAI/SC - Luzerna,Noite,105692-T TELT 2025/1 N1,Caique Candido Tonial,2182712,B,,,,
SC,SENAI/SC - Luzerna,Noite,105692-T TELT 2025/1 N1,Augusto Rhoden Sauthier,2184009,A,,,,
SC,SENAI/SC - Luzerna,Noite,105692-T TELT 2025/1 N1,Ysmael Henrique dos Santos,2200786,B,,,,
SC,SENAI/SC - Luzerna,Noite,105692-T TELT 2025/1 N1,Eduardo Bresciani Burghardt,2144581,A,,,,
SC,SENAI/SC - Luzerna,Noite,105692-T TELT 2025/1 N1,Maria Eduarda Lokstein,2184967,A,,,,
SC,SENAI/SC - Luzerna,Noite,105692-T TELT 2025/1 N1,Gabriel Biagentini,2182387,B,,,,
SC,SENAI/SC - Luzerna,Noite,105692-T TELT 2025/1 N1,Maria Luiza Arenhart,2152702,B,,,,
SC,SENAI/SC - Luzerna,Noite,105692-T TELT 2025/1 N1,Bruno Leonardo Selzlein Melere,2158947,A,,,,
SC,SENAI/SC - Luzerna,Noite,105692-T TELT 2025/1 N1,Laertty Trevisol Brunetto,2118670,B,,,,
SC,SENAI/SC - Luzerna,Noite,105692-T TELT 2025/1 N1,Dorberto Adriano Peres de Oliveira,2193144,B,,,,
SC,SENAI/SC - Luzerna,Noite,105692-T TELT 2025/1 N1,Vítor Gabriel Silveira dos Santos,2203586,B,,,,
SC,SENAI/SC - Luzerna,Noite,105692-T TELT 2025/1 N1,Rogerio Brunetto,2121304,,,,,
,,,,,,,,,,
(Avaliar a capacidade de) Capacidade,"(Para) Subfunção, Padrão de desempenho",(Ao) Função,(Por meio de) Conhecimento,Aproveitamento,,,,,,
"Aplicar técnicas de programação para a automação dos sistemas elétricos industriais.//Identificar tipos de componentes, circuitos e suas conexões na implantação de soluções de automação.","Integrar automação aos sistemas elétricos industriais Considerando as especificações do projeto industrial, manuais dos equipamentos e catálogos dos fabricantes//Considerando as soluções tecnológicas aplicáveis aos processos industriais//Considerando Legislação, Normas Técnicas, de Qualidade, de Segurança, Saúde e Sustentabilidade","Executar processos de instalação, manutenção e elaboração de projetos em sistemas elétricos industriais seguindo procedimentos e Normas Técnicas, de Qualidade, de Segurança, Saúde e Sustentabilidade.",Acionamentos Eletroeletrônicos//Controladores Lógicos Programáveis (CLP),"59,00%",,,,,,
,,,,,,,,,,
IDENTIFICADOR,DIFICULDADE,ACERTOS,ERROS,GABARITO,A,B,C,D,E,EM BRANCO
SAEP_37667,Medio,"85,00%","15,00%",C,"5,00%","5,00%","85,00%","0,00%","0,00%","5,00%"
,,,,,,,,,,
DR,ESCOLA,TURNO,TURMA,ALUNO,MATRÍCULA,MARCAÇÃO RESPONDENTE,,,,
SC,SENAI/SC - Luzerna,Noite,105692-T TELT 2025/1 N1,Eduardo Huber,2200267,C,,,,
SC,SENAI/SC - Luzerna,Noite,105692-T TELT 2025/1 N1,Adriano Sartori,2113742,C,,,,
SC,SENAI/SC - Luzerna,Noite,105692-T TELT 2025/1 N1,Erick Sauer,2112339,C,,,,
SC,SENAI/SC - Luzerna,Noite,105692-T TELT 2025/1 N1,Cesar Kieling,2205313,C,,,,
SC,SENAI/SC - Luzerna,Noite,105692-T TELT 2025/1 N1,Vinicius Bizinela Meneghini,2149338,C,,,,
SC,SENAI/SC - Luzerna,Noite,105692-T TELT 2025/1 N1,Felipe Nesi Ansiliero,2195165,C,,,,
SC,SENAI/SC - Luzerna,Noite,105692-T TELT 2025/1 N1,Cristian de Morais Bonato,2191881,C,,,,
SC,SENAI/SC - Luzerna,Noite,105692-T TELT 2025/1 N1,Ederson Felipe Pereira Duarte,2192756,C,,,,
SC,SENAI/SC - Luzerna,Noite,105692-T TELT 2025/1 N1,Caique Candido Tonial,2182712,C,,,,
SC,SENAI/SC - Luzerna,Noite,105692-T TELT 2025/1 N1,Augusto Rhoden Sauthier,2184009,C,,,,
SC,SENAI/SC - Luzerna,Noite,105692-T TELT 2025/1 N1,Ysmael Henrique dos Santos,2200786,C,,,,
SC,SENAI/SC - Luzerna,Noite,105692-T TELT 2025/1 N1,Eduardo Bresciani Burghardt,2144581,C,,,,
SC,SENAI/SC - Luzerna,Noite,105692-T TELT 2025/1 N1,Maria Eduarda Lokstein,2184967,C,,,,
SC,SENAI/SC - Luzerna,Noite,105692-T TELT 2025/1 N1,Gabriel Biagentini,2182387,B,,,,
SC,SENAI/SC - Luzerna,Noite,105692-T TELT 2025/1 N1,Maria Luiza Arenhart,2152702,C,,,,
SC,SENAI/SC - Luzerna,Noite,105692-T TELT 2025/1 N1,Bruno Leonardo Selzlein Melere,2158947,C,,,,
SC,SENAI/SC - Luzerna,Noite,105692-T TELT 2025/1 N1,Laertty Trevisol Brunetto,2118670,C,,,,
SC,SENAI/SC - Luzerna,Noite,105692-T TELT 2025/1 N1,Dorberto Adriano Peres de Oliveira,2193144,A,,,,
SC,SENAI/SC - Luzerna,Noite,105692-T TELT 2025/1 N1,Vítor Gabriel Silveira dos Santos,2203586,C,,,,
SC,SENAI/SC - Luzerna,Noite,105692-T TELT 2025/1 N1,Rogerio Brunetto,2121304,,,,,
,,,,,,,,,,
IDENTIFICADOR,DIFICULDADE,ACERTOS,ERROS,GABARITO,A,B,C,D,E,EM BRANCO
SAEP_60699,Dificil,"75,00%","25,00%",C,"5,00%","0,00%","75,00%","15,00%","0,00%","5,00%"
,,,,,,,,,,
DR,ESCOLA,TURNO,TURMA,ALUNO,MATRÍCULA,MARCAÇÃO RESPONDENTE,,,,
SC,SENAI/SC - Luzerna,Noite,105692-T TELT 2025/1 N1,Eduardo Huber,2200267,C,,,,
SC,SENAI/SC - Luzerna,Noite,105692-T TELT 2025/1 N1,Adriano Sartori,2113742,C,,,,
SC,SENAI/SC - Luzerna,Noite,105692-T TELT 2025/1 N1,Erick Sauer,2112339,C,,,,
SC,SENAI/SC - Luzerna,Noite,105692-T TELT 2025/1 N1,Cesar Kieling,2205313,A,,,,
SC,SENAI/SC - Luzerna,Noite,105692-T TELT 2025/1 N1,Vinicius Bizinela Meneghini,2149338,C,,,,
SC,SENAI/SC - Luzerna,Noite,105692-T TELT 2025/1 N1,Felipe Nesi Ansiliero,2195165,C,,,,
SC,SENAI/SC - Luzerna,Noite,105692-T TELT 2025/1 N1,Cristian de Morais Bonato,2191881,C,,,,
SC,SENAI/SC - Luzerna,Noite,105692-T TELT 2025/1 N1,Ederson Felipe Pereira Duarte,2192756,C,,,,
SC,SENAI/SC - Luzerna,Noite,105692-T TELT 2025/1 N1,Caique Candido Tonial,2182712,D,,,,
SC,SENAI/SC - Luzerna,Noite,105692-T TELT 2025/1 N1,Augusto Rhoden Sauthier,2184009,C,,,,
SC,SENAI/SC - Luzerna,Noite,105692-T TELT 2025/1 N1,Ysmael Henrique dos Santos,2200786,D,,,,
SC,SENAI/SC - Luzerna,Noite,105692-T TELT 2025/1 N1,Eduardo Bresciani Burghardt,2144581,C,,,,
SC,SENAI/SC - Luzerna,Noite,105692-T TELT 2025/1 N1,Maria Eduarda Lokstein,2184967,C,,,,
SC,SENAI/SC - Luzerna,Noite,105692-T TELT 2025/1 N1,Gabriel Biagentini,2182387,C,,,,
SC,SENAI/SC - Luzerna,Noite,105692-T TELT 2025/1 N1,Maria Luiza Arenhart,2152702,D,,,,
SC,SENAI/SC - Luzerna,Noite,105692-T TELT 2025/1 N1,Bruno Leonardo Selzlein Melere,2158947,C,,,,
SC,SENAI/SC - Luzerna,Noite,105692-T TELT 2025/1 N1,Laertty Trevisol Brunetto,2118670,C,,,,
SC,SENAI/SC - Luzerna,Noite,105692-T TELT 2025/1 N1,Dorberto Adriano Peres de Oliveira,2193144,C,,,,
SC,SENAI/SC - Luzerna,Noite,105692-T TELT 2025/1 N1,Vítor Gabriel Silveira dos Santos,2203586,C,,,,
SC,SENAI/SC - Luzerna,Noite,105692-T TELT 2025/1 N1,Rogerio Brunetto,2121304,,,,,
,,,,,,,,,,
IDENTIFICADOR,DIFICULDADE,ACERTOS,ERROS,GABARITO,A,B,C,D,E,EM BRANCO
SAEP_67739,Dificil,"75,00%","25,00%",B,"10,00%","75,00%","10,00%","0,00%","0,00%","5,00%"
,,,,,,,,,,
DR,ESCOLA,TURNO,TURMA,ALUNO,MATRÍCULA,MARCAÇÃO RESPONDENTE,,,,
SC,SENAI/SC - Luzerna,Noite,105692-T TELT 2025/1 N1,Eduardo Huber,2200267,B,,,,
SC,SENAI/SC - Luzerna,Noite,105692-T TELT 2025/1 N1,Adriano Sartori,2113742,B,,,,
SC,SENAI/SC - Luzerna,Noite,105692-T TELT 2025/1 N1,Erick Sauer,2112339,A,,,,
SC,SENAI/SC - Luzerna,Noite,105692-T TELT 2025/1 N1,Cesar Kieling,2205313,B,,,,
SC,SENAI/SC - Luzerna,Noite,105692-T TELT 2025/1 N1,Vinicius Bizinela Meneghini,2149338,B,,,,
SC,SENAI/SC - Luzerna,Noite,105692-T TELT 2025/1 N1,Felipe Nesi Ansiliero,2195165,B,,,,
SC,SENAI/SC - Luzerna,Noite,105692-T TELT 2025/1 N1,Cristian de Morais Bonato,2191881,B,,,,
SC,SENAI/SC - Luzerna,Noite,105692-T TELT 2025/1 N1,Ederson Felipe Pereira Duarte,2192756,B,,,,
SC,SENAI/SC - Luzerna,Noite,105692-T TELT 2025/1 N1,Caique Candido Tonial,2182712,B,,,,
SC,SENAI/SC - Luzerna,Noite,105692-T TELT 2025/1 N1,Augusto Rhoden Sauthier,2184009,C,,,,
SC,SENAI/SC - Luzerna,Noite,105692-T TELT 2025/1 N1,Ysmael Henrique dos Santos,2200786,B,,,,
SC,SENAI/SC - Luzerna,Noite,105692-T TELT 2025/1 N1,Eduardo Bresciani Burghardt,2144581,A,,,,
SC,SENAI/SC - Luzerna,Noite,105692-T TELT 2025/1 N1,Maria Eduarda Lokstein,2184967,B,,,,
SC,SENAI/SC - Luzerna,Noite,105692-T TELT 2025/1 N1,Gabriel Biagentini,2182387,B,,,,
SC,SENAI/SC - Luzerna,Noite,105692-T TELT 2025/1 N1,Maria Luiza Arenhart,2152702,B,,,,
SC,SENAI/SC - Luzerna,Noite,105692-T TELT 2025/1 N1,Bruno Leonardo Selzlein Melere,2158947,B,,,,
SC,SENAI/SC - Luzerna,Noite,105692-T TELT 2025/1 N1,Laertty Trevisol Brunetto,2118670,B,,,,
SC,SENAI/SC - Luzerna,Noite,105692-T TELT 2025/1 N1,Dorberto Adriano Peres de Oliveira,2193144,B,,,,
SC,SENAI/SC - Luzerna,Noite,105692-T TELT 2025/1 N1,Vítor Gabriel Silveira dos Santos,2203586,C,,,,
SC,SENAI/SC - Luzerna,Noite,105692-T TELT 2025/1 N1,Rogerio Brunetto,2121304,,,,,
,,,,,,,,,,
IDENTIFICADOR,DIFICULDADE,ACERTOS,ERROS,GABARITO,A,B,C,D,E,EM BRANCO
SAEP_76121,Dificil,"20,00%","80,00%",D,"20,00%","40,00%","15,00%","20,00%","0,00%","5,00%"
,,,,,,,,,,
DR,ESCOLA,TURNO,TURMA,ALUNO,MATRÍCULA,MARCAÇÃO RESPONDENTE,,,,
SC,SENAI/SC - Luzerna,Noite,105692-T TELT 2025/1 N1,Eduardo Huber,2200267,A,,,,
SC,SENAI/SC - Luzerna,Noite,105692-T TELT 2025/1 N1,Adriano Sartori,2113742,B,,,,
SC,SENAI/SC - Luzerna,Noite,105692-T TELT 2025/1 N1,Erick Sauer,2112339,B,,,,
SC,SENAI/SC - Luzerna,Noite,105692-T TELT 2025/1 N1,Cesar Kieling,2205313,C,,,,
SC,SENAI/SC - Luzerna,Noite,105692-T TELT 2025/1 N1,Vinicius Bizinela Meneghini,2149338,B,,,,
SC,SENAI/SC - Luzerna,Noite,105692-T TELT 2025/1 N1,Felipe Nesi Ansiliero,2195165,C,,,,
SC,SENAI/SC - Luzerna,Noite,105692-T TELT 2025/1 N1,Cristian de Morais Bonato,2191881,D,,,,
SC,SENAI/SC - Luzerna,Noite,105692-T TELT 2025/1 N1,Ederson Felipe Pereira Duarte,2192756,A,,,,
SC,SENAI/SC - Luzerna,Noite,105692-T TELT 2025/1 N1,Caique Candido Tonial,2182712,B,,,,
SC,SENAI/SC - Luzerna,Noite,105692-T TELT 2025/1 N1,Augusto Rhoden Sauthier,2184009,A,,,,
SC,SENAI/SC - Luzerna,Noite,105692-T TELT 2025/1 N1,Ysmael Henrique dos Santos,2200786,A,,,,
SC,SENAI/SC - Luzerna,Noite,105692-T TELT 2025/1 N1,Eduardo Bresciani Burghardt,2144581,B,,,,
SC,SENAI/SC - Luzerna,Noite,105692-T TELT 2025/1 N1,Maria Eduarda Lokstein,2184967,B,,,,
SC,SENAI/SC - Luzerna,Noite,105692-T TELT 2025/1 N1,Gabriel Biagentini,2182387,B,,,,
SC,SENAI/SC - Luzerna,Noite,105692-T TELT 2025/1 N1,Maria Luiza Arenhart,2152702,C,,,,
SC,SENAI/SC - Luzerna,Noite,105692-T TELT 2025/1 N1,Bruno Leonardo Selzlein Melere,2158947,B,,,,
SC,SENAI/SC - Luzerna,Noite,105692-T TELT 2025/1 N1,Laertty Trevisol Brunetto,2118670,D,,,,
SC,SENAI/SC - Luzerna,Noite,105692-T TELT 2025/1 N1,Dorberto Adriano Peres de Oliveira,2193144,D,,,,
SC,SENAI/SC - Luzerna,Noite,105692-T TELT 2025/1 N1,Vítor Gabriel Silveira dos Santos,2203586,D,,,,
SC,SENAI/SC - Luzerna,Noite,105692-T TELT 2025/1 N1,Rogerio Brunetto,2121304,,,,,
,,,,,,,,,,
IDENTIFICADOR,DIFICULDADE,ACERTOS,ERROS,GABARITO,A,B,C,D,E,EM BRANCO
SAEP_76593,Facil,"40,00%","60,00%",D,"55,00%","0,00%","0,00%","40,00%","0,00%","5,00%"
,,,,,,,,,,
DR,ESCOLA,TURNO,TURMA,ALUNO,MATRÍCULA,MARCAÇÃO RESPONDENTE,,,,
SC,SENAI/SC - Luzerna,Noite,105692-T TELT 2025/1 N1,Eduardo Huber,2200267,D,,,,
SC,SENAI/SC - Luzerna,Noite,105692-T TELT 2025/1 N1,Adriano Sartori,2113742,A,,,,
SC,SENAI/SC - Luzerna,Noite,105692-T TELT 2025/1 N1,Erick Sauer,2112339,A,,,,
SC,SENAI/SC - Luzerna,Noite,105692-T TELT 2025/1 N1,Cesar Kieling,2205313,A,,,,
SC,SENAI/SC - Luzerna,Noite,105692-T TELT 2025/1 N1,Vinicius Bizinela Meneghini,2149338,A,,,,
SC,SENAI/SC - Luzerna,Noite,105692-T TELT 2025/1 N1,Felipe Nesi Ansiliero,2195165,A,,,,
SC,SENAI/SC - Luzerna,Noite,105692-T TELT 2025/1 N1,Cristian de Morais Bonato,2191881,D,,,,
SC,SENAI/SC - Luzerna,Noite,105692-T TELT 2025/1 N1,Ederson Felipe Pereira Duarte,2192756,D,,,,
SC,SENAI/SC - Luzerna,Noite,105692-T TELT 2025/1 N1,Caique Candido Tonial,2182712,A,,,,
SC,SENAI/SC - Luzerna,Noite,105692-T TELT 2025/1 N1,Augusto Rhoden Sauthier,2184009,D,,,,
SC,SENAI/SC - Luzerna,Noite,105692-T TELT 2025/1 N1,Ysmael Henrique dos Santos,2200786,A,,,,
SC,SENAI/SC - Luzerna,Noite,105692-T TELT 2025/1 N1,Eduardo Bresciani Burghardt,2144581,D,,,,
SC,SENAI/SC - Luzerna,Noite,105692-T TELT 2025/1 N1,Maria Eduarda Lokstein,2184967,A,,,,
SC,SENAI/SC - Luzerna,Noite,105692-T TELT 2025/1 N1,Gabriel Biagentini,2182387,A,,,,
SC,SENAI/SC - Luzerna,Noite,105692-T TELT 2025/1 N1,Maria Luiza Arenhart,2152702,D,,,,
SC,SENAI/SC - Luzerna,Noite,105692-T TELT 2025/1 N1,Bruno Leonardo Selzlein Melere,2158947,A,,,,
SC,SENAI/SC - Luzerna,Noite,105692-T TELT 2025/1 N1,Laertty Trevisol Brunetto,2118670,A,,,,
SC,SENAI/SC - Luzerna,Noite,105692-T TELT 2025/1 N1,Dorberto Adriano Peres de Oliveira,2193144,D,,,,
SC,SENAI/SC - Luzerna,Noite,105692-T TELT 2025/1 N1,Vítor Gabriel Silveira dos Santos,2203586,D,,,,
SC,SENAI/SC - Luzerna,Noite,105692-T TELT 2025/1 N1,Rogerio Brunetto,2121304,,,,,
,,,,,,,,,,
(Avaliar a capacidade de) Capacidade,"(Para) Subfunção, Padrão de desempenho",(Ao) Função,(Por meio de) Conhecimento,Aproveitamento,,,,,,
"Aplicar simbologias, terminologias e convenções gráficas de sistema elétrico para simulação e elaboração de projetos utilizando recursos digitais.","Projetar sistemas elétricos de potência de acordo com os parâmetros da legislação vigente Considerando as soluções tecnológicas (infraestrutura e digitalização do sistema), aplicáveis ao projeto//Considerando Legislação, Normas Técnicas, de Qualidade, de Segurança, Saúde e Sustentabilidade//Considerando os requisitos da concessionária e características do projeto do cliente/consumidor","Executar processos de instalação, manutenção e elaboração de projetos em Sistema Elétrico de Potência - SEP, seguindo procedimentos e Normas Técnicas, de Qualidade, de Segurança, Saúde e Sustentabilidade.",Leitura e Interpretação de Desenhos Técnicos,"45,00%",,,,,,
,,,,,,,,,,
IDENTIFICADOR,DIFICULDADE,ACERTOS,ERROS,GABARITO,A,B,C,D,E,EM BRANCO
SAEP_77014,Dificil,"45,00%","55,00%",A,"45,00%","20,00%","20,00%","10,00%","0,00%","5,00%"
,,,,,,,,,,
DR,ESCOLA,TURNO,TURMA,ALUNO,MATRÍCULA,MARCAÇÃO RESPONDENTE,,,,
SC,SENAI/SC - Luzerna,Noite,105692-T TELT 2025/1 N1,Eduardo Huber,2200267,A,,,,
SC,SENAI/SC - Luzerna,Noite,105692-T TELT 2025/1 N1,Adriano Sartori,2113742,A,,,,
SC,SENAI/SC - Luzerna,Noite,105692-T TELT 2025/1 N1,Erick Sauer,2112339,A,,,,
SC,SENAI/SC - Luzerna,Noite,105692-T TELT 2025/1 N1,Cesar Kieling,2205313,D,,,,
SC,SENAI/SC - Luzerna,Noite,105692-T TELT 2025/1 N1,Vinicius Bizinela Meneghini,2149338,A,,,,
SC,SENAI/SC - Luzerna,Noite,105692-T TELT 2025/1 N1,Felipe Nesi Ansiliero,2195165,C,,,,
SC,SENAI/SC - Luzerna,Noite,105692-T TELT 2025/1 N1,Cristian de Morais Bonato,2191881,A,,,,
SC,SENAI/SC - Luzerna,Noite,105692-T TELT 2025/1 N1,Ederson Felipe Pereira Duarte,2192756,A,,,,
SC,SENAI/SC - Luzerna,Noite,105692-T TELT 2025/1 N1,Caique Candido Tonial,2182712,C,,,,
SC,SENAI/SC - Luzerna,Noite,105692-T TELT 2025/1 N1,Augusto Rhoden Sauthier,2184009,B,,,,
SC,SENAI/SC - Luzerna,Noite,105692-T TELT 2025/1 N1,Ysmael Henrique dos Santos,2200786,B,,,,
SC,SENAI/SC - Luzerna,Noite,105692-T TELT 2025/1 N1,Eduardo Bresciani Burghardt,2144581,D,,,,
SC,SENAI/SC - Luzerna,Noite,105692-T TELT 2025/1 N1,Maria Eduarda Lokstein,2184967,C,,,,
SC,SENAI/SC - Luzerna,Noite,105692-T TELT 2025/1 N1,Gabriel Biagentini,2182387,C,,,,
SC,SENAI/SC - Luzerna,Noite,105692-T TELT 2025/1 N1,Maria Luiza Arenhart,2152702,A,,,,
SC,SENAI/SC - Luzerna,Noite,105692-T TELT 2025/1 N1,Bruno Leonardo Selzlein Melere,2158947,A,,,,
SC,SENAI/SC - Luzerna,Noite,105692-T TELT 2025/1 N1,Laertty Trevisol Brunetto,2118670,A,,,,
SC,SENAI/SC - Luzerna,Noite,105692-T TELT 2025/1 N1,Dorberto Adriano Peres de Oliveira,2193144,B,,,,
SC,SENAI/SC - Luzerna,Noite,105692-T TELT 2025/1 N1,Vítor Gabriel Silveira dos Santos,2203586,B,,,,
SC,SENAI/SC - Luzerna,Noite,105692-T TELT 2025/1 N1,Rogerio Brunetto,2121304,,,,,
,,,,,,,,,,
(Avaliar a capacidade de) Capacidade,"(Para) Subfunção, Padrão de desempenho",(Ao) Função,(Por meio de) Conhecimento,Aproveitamento,,,,,,
Aplicar normas técnicas e procedimentos de segurança.,"Instalar sistemas elétricos de potência Considerando as especificações do projeto elétrico de potência, manuais e catálogos dos equipamentos//Considerando Legislação, Normas Técnicas, de Qualidade, de Segurança, Saúde e Sustentabilidade//Considerando Procedimentos Operacionais, Ordem de Serviço e Boas Práticas de instalação","Executar processos de instalação, manutenção e elaboração de projetos em Sistema Elétrico de Potência - SEP, seguindo procedimentos e Normas Técnicas, de Qualidade, de Segurança, Saúde e Sustentabilidade.",Normas Técnicas e Regulamentações Aplicadas,"5,00%",,,,,,
,,,,,,,,,,
IDENTIFICADOR,DIFICULDADE,ACERTOS,ERROS,GABARITO,A,B,C,D,E,EM BRANCO
SAEP_54640,Dificil,"5,00%","95,00%",D,"10,00%","55,00%","25,00%","5,00%","0,00%","5,00%"
,,,,,,,,,,
DR,ESCOLA,TURNO,TURMA,ALUNO,MATRÍCULA,MARCAÇÃO RESPONDENTE,,,,
SC,SENAI/SC - Luzerna,Noite,105692-T TELT 2025/1 N1,Eduardo Huber,2200267,B,,,,
SC,SENAI/SC - Luzerna,Noite,105692-T TELT 2025/1 N1,Adriano Sartori,2113742,B,,,,
SC,SENAI/SC - Luzerna,Noite,105692-T TELT 2025/1 N1,Erick Sauer,2112339,A,,,,
SC,SENAI/SC - Luzerna,Noite,105692-T TELT 2025/1 N1,Cesar Kieling,2205313,B,,,,
SC,SENAI/SC - Luzerna,Noite,105692-T TELT 2025/1 N1,Vinicius Bizinela Meneghini,2149338,B,,,,
SC,SENAI/SC - Luzerna,Noite,105692-T TELT 2025/1 N1,Felipe Nesi Ansiliero,2195165,B,,,,
SC,SENAI/SC - Luzerna,Noite,105692-T TELT 2025/1 N1,Cristian de Morais Bonato,2191881,D,,,,
SC,SENAI/SC - Luzerna,Noite,105692-T TELT 2025/1 N1,Ederson Felipe Pereira Duarte,2192756,A,,,,
SC,SENAI/SC - Luzerna,Noite,105692-T TELT 2025/1 N1,Caique Candido Tonial,2182712,B,,,,
SC,SENAI/SC - Luzerna,Noite,105692-T TELT 2025/1 N1,Augusto Rhoden Sauthier,2184009,C,,,,
SC,SENAI/SC - Luzerna,Noite,105692-T TELT 2025/1 N1,Ysmael Henrique dos Santos,2200786,C,,,,
SC,SENAI/SC - Luzerna,Noite,105692-T TELT 2025/1 N1,Eduardo Bresciani Burghardt,2144581,B,,,,
SC,SENAI/SC - Luzerna,Noite,105692-T TELT 2025/1 N1,Maria Eduarda Lokstein,2184967,B,,,,
SC,SENAI/SC - Luzerna,Noite,105692-T TELT 2025/1 N1,Gabriel Biagentini,2182387,B,,,,
SC,SENAI/SC - Luzerna,Noite,105692-T TELT 2025/1 N1,Maria Luiza Arenhart,2152702,C,,,,
SC,SENAI/SC - Luzerna,Noite,105692-T TELT 2025/1 N1,Bruno Leonardo Selzlein Melere,2158947,B,,,,
SC,SENAI/SC - Luzerna,Noite,105692-T TELT 2025/1 N1,Laertty Trevisol Brunetto,2118670,C,,,,
SC,SENAI/SC - Luzerna,Noite,105692-T TELT 2025/1 N1,Dorberto Adriano Peres de Oliveira,2193144,B,,,,
SC,SENAI/SC - Luzerna,Noite,105692-T TELT 2025/1 N1,Vítor Gabriel Silveira dos Santos,2203586,C,,,,
SC,SENAI/SC - Luzerna,Noite,105692-T TELT 2025/1 N1,Rogerio Brunetto,2121304,,,,,